id_client,anciennete_mois,facture_mensuelle,reclamations,resiliation
C0001,8,30.0,5,True
C0002,3,45.0,4,True
C0003,2,20.0,3,True
C0004,36,15.0,0,False
C0005,4,80.0,0,True
C0006,30,25.0,2,False
C0007,39,16.63,5,True
C0008,52,48.81,1,False
C0009,29,47.72,4,False
C0010,15,57.16,0,False
C0011,43,59.1,0,False
C0012,8,52.22,0,False
C0013,21,15.66,1,False
C0014,39,62.85,1,False
C0015,58,42.89,1,False
C0016,19,25.89,1,False
C0017,23,36.7,0,False
C0018,11,17.03,2,False
C0019,11,38.12,1,True
C0020,24,60.02,2,False
C0021,53,38.45,1,False
C0022,36,27.77,2,True
C0023,40,39.84,0,False
C0024,24,54.22,2,False
C0025,3,18.01,0,False
C0026,22,24.62,2,True
C0027,53,47.54,1,False
C0028,2,20.01,1,False
C0029,24,83.9,0,False
C0030,44,41.93,0,False
C0031,30,26.86,0,False
C0032,38,28.65,2,True
C0033,2,35.34,3,True
C0034,60,33.6,0,False
C0035,21,10.0,0,False
C0036,33,70.27,2,False
C0037,12,44.69,2,True
C0038,58,44.45,3,False
C0039,22,61.36,2,False
C0040,44,23.91,5,False
C0041,25,29.83,0,False
C0042,49,54.15,2,False
C0043,27,43.71,1,False
C0044,59,51.9,3,False
C0045,42,43.4,2,False
C0046,28,40.17,2,False
C0047,60,73.67,1,False
C0048,16,66.32,1,False
C0049,15,10.0,0,False
C0050,47,74.61,1,True
C0051,51,88.17,4,False
C0052,44,69.64,0,False
C0053,55,40.71,1,False
C0054,52,31.22,0,False
C0055,57,59.56,1,False
C0056,3,32.62,3,False
C0057,37,52.12,0,False
C0058,51,44.56,2,False
C0059,7,69.36,1,True
C0060,21,37.21,0,False
C0061,9,36.14,0,False
C0062,39,52.56,0,False
C0063,18,83.68,2,True
C0064,4,46.62,3,True
C0065,25,36.67,1,False
C0066,60,62.15,1,False
C0067,14,59.36,1,True
C0068,50,25.97,0,False
C0069,58,34.28,0,False
C0070,9,66.93,1,True
C0071,26,53.56,1,False
C0072,53,10.0,0,False
C0073,2,54.64,1,True
C0074,20,63.53,0,False
C0075,28,28.25,0,False
C0076,47,58.54,0,False
C0077,60,82.45,2,False
C0078,7,52.93,1,False
C0079,44,32.49,2,False
C0080,8,34.55,2,True
C0081,47,45.26,2,False
C0082,35,52.56,2,True
C0083,14,46.26,0,False
C0084,17,55.03,0,False
C0085,36,42.06,0,False
C0086,50,48.61,0,False
C0087,40,64.3,0,False
C0088,4,23.7,2,False
C0089,2,47.17,3,True
C0090,6,47.12,1,True
C0091,54,63.41,0,False
C0092,42,40.47,0,False
C0093,4,58.06,0,False
C0094,54,67.05,0,False
C0095,29,10.0,2,False
C0096,18,68.37,0,True
C0097,26,25.29,0,False
C0098,44,23.12,1,False
C0099,34,10.0,1,True
C0100,10,28.94,2,True
C0101,36,44.9,2,True
C0102,14,37.33,2,False
C0103,31,35.75,4,True
C0104,48,22.75,2,False
C0105,15,62.34,2,True
C0106,8,64.17,1,False
C0107,14,53.36,2,True
C0108,23,10.0,2,False
C0109,60,90.47,0,False
C0110,57,47.94,0,False
C0111,40,55.79,1,False
C0112,21,15.03,0,False
C0113,16,44.77,1,True
C0114,45,53.27,1,True
C0115,18,42.18,1,False
C0116,47,62.44,1,False
C0117,53,71.01,1,True
C0118,24,18.13,3,True
C0119,26,62.0,0,False
C0120,25,52.89,1,False
C0121,60,44.91,1,False
C0122,60,13.58,1,False
C0123,60,74.6,2,False
C0124,45,52.94,1,False
C0125,41,10.0,0,False
C0126,29,40.14,2,False
C0127,15,51.54,0,True
C0128,45,55.13,1,False
C0129,1,42.45,1,True
C0130,25,51.83,3,True
C0131,7,87.38,0,True
C0132,9,75.93,2,True
C0133,24,26.01,0,False
C0134,1,33.06,0,False
C0135,44,42.78,0,False
C0136,8,10.02,3,True
C0137,24,18.17,2,False
C0138,11,12.57,0,False
C0139,51,22.05,1,False
C0140,17,72.79,2,False
C0141,8,27.9,1,False
C0142,35,24.46,1,True
C0143,35,62.66,1,False
C0144,33,36.01,1,False
C0145,59,53.37,2,False
C0146,5,30.44,1,True
C0147,42,10.0,2,False
C0148,39,54.35,0,False
C0149,58,13.97,1,False
C0150,41,34.79,1,False
C0151,28,30.34,0,False
C0152,7,48.91,1,True
C0153,9,33.88,1,False
C0154,8,42.45,1,False
C0155,12,13.79,1,False
C0156,34,85.01,0,False
C0157,33,21.0,5,True
C0158,48,69.03,3,True
C0159,55,48.0,2,False
C0160,23,47.82,1,False
C0161,24,52.09,2,True
C0162,37,10.0,2,False
C0163,35,64.33,1,True
C0164,44,34.78,2,False
C0165,40,69.21,1,False
C0166,22,41.98,1,False
C0167,27,37.51,1,False
C0168,35,19.18,1,False
C0169,1,29.69,0,False
C0170,35,53.45,0,False
C0171,37,18.84,0,False
C0172,47,10.0,1,False
C0173,14,27.85,1,False
C0174,3,61.8,2,True
C0175,1,80.63,2,True
C0176,5,31.45,2,False
C0177,26,14.02,0,False
C0178,55,38.14,5,True
C0179,14,48.68,0,False
C0180,39,56.56,2,False
C0181,27,87.69,2,True
C0182,9,49.54,3,True
C0183,15,78.11,1,True
C0184,15,35.74,1,False
C0185,26,46.73,1,False
C0186,42,33.14,0,False
C0187,60,31.4,1,False
C0188,13,39.73,1,True
C0189,51,39.39,1,False
C0190,32,32.92,3,True
C0191,39,34.01,4,True
C0192,49,66.94,0,False
C0193,52,87.26,2,True
C0194,32,35.03,0,False
C0195,4,38.51,1,True
C0196,30,55.49,1,False
C0197,37,108.74,1,False
C0198,23,46.68,1,False
C0199,39,64.45,1,False
C0200,45,75.89,2,False
